{
  "timestamp": "2025-04-23T18:36:51.503034",
  "class_counts": {
    "resnet50": {
      "3": 1,
      "0": 0,
      "1": 1,
      "2": 0
    },
    "resnet100": {
      "3": 0,
      "0": 0,
      "1": 1,
      "2": 0
    },
    "efficientnetb0": {
      "3": 0,
      "0": 0,
      "1": 0,
      "2": 1
    },
    "efficientnetb1": {
      "3": 0,
      "0": 0,
      "1": 0,
      "2": 0
    }
  },
  "request_counts": {
    "resnet50": 2,
    "resnet100": 1,
    "efficientnetb0": 1,
    "efficientnetb1": 0
  },
  "error_counts": {
    "resnet50": 0
  },
  "avg_latency": {
    "resnet50": 46699.63097572327
  },
  "avg_confidence": {
    "resnet50": 99.99719858169556
  }
}