{
  "timestamp": "2025-04-24T18:30:48.205233",
  "class_counts": {
    "resnet50": {
      "3": 1,
      "0": 0,
      "1": 1,
      "2": 0
    },
    "resnet100": {
      "3": 0,
      "0": 0,
      "1": 1,
      "2": 0
    },
    "efficientnetb0": {
      "3": 0,
      "0": 0,
      "1": 1,
      "2": 1
    },
    "efficientnetb1": {
      "3": 0,
      "0": 0,
      "1": 0,
      "2": 0
    }
  },
  "request_counts": {
    "resnet50": 2,
    "resnet100": 1,
    "efficientnetb0": 2,
    "efficientnetb1": 0
  },
  "error_counts": {
    "resnet50": 0,
    "efficientnetb0": 0
  },
  "avg_latency": {
    "resnet50": 46699.63097572327,
    "efficientnetb0": 10050.499439239502
  },
  "avg_confidence": {
    "resnet50": 99.99719858169556,
    "efficientnetb0": 99.99563694000244
  }
}